date,Unnamed: 0,income,Lag1,Lag3,Lag5,Lag7,RollingMean,Month,Day,DayOfYear,trend,seasonal
2010-12-09,7.0,270246933.63,226911062.46,378661788.82,164821954.7,346014559.5,875178161.8466667,12.0,9.0,343.0,186413820.75714284,41322754.37672265
2010-12-10,8.0,260310242.92,270246933.53,2128376489.55,129408522.15,143286040.64000002,252489412.93666664,12.0,10.0,344.0,186413820.75714284,-19121639.94803364
2010-12-11,8.0,260310242.92,270246933.53,2128376489.55,129408522.15,143286040.64000002,252489412.93666664,12.0,10.0,344.0,186413820.75714284,-19499476.41682916
2010-12-12,9.0,41903220.050000004,260310242.82,226911062.46,378661788.82,164821954.7,190820132.1,12.0,12.0,346.0,186413820.75714284,-102328714.03045563
2010-12-13,10.0,218318482.31,41903219.95,270246933.53,2128376489.55,129408522.15,173510648.32666668,12.0,13.0,347.0,173014296.40142858,63172543.52746468
2010-12-14,11.0,165956421.38,218318482.21,260310242.82,226911062.46,378661788.82,142059374.48000002,12.0,14.0,348.0,177448606.49714285,17033734.271047108
2010-12-15,12.0,87851202.09,165956421.28,41903219.95,270246933.53,2128376489.55,157375368.49333334,12.0,15.0,349.0,181882916.59285712,19420798.220084004
2010-12-16,13.0,176450263.14000002,87851201.99000001,218318482.21,260310242.82,226911062.46,143419295.4366667,12.0,16.0,350.0,176785959.60714287,41322754.37672265
2010-12-17,14.0,291350413.59000003,176450263.04000002,165956421.28,41903219.95,270246933.53,185217292.84000003,12.0,17.0,351.0,162875317.48428568,-19121639.94803364
2010-12-18,14.0,291350413.59000003,176450263.04000002,165956421.28,41903219.95,270246933.53,185217292.84000003,12.0,17.0,351.0,166551227.26999998,-19499476.41682916
2010-12-19,15.0,6224521.149999999,291350413.49,87851201.99000001,218318482.21,260310242.82,158008399.19333336,12.0,19.0,353.0,154895928.19714287,-102328714.03045563
2010-12-20,16.0,120943987.44999999,6224521.05,176450263.04000002,165956421.28,41903219.95,139506307.29666668,12.0,20.0,354.0,132837249.56857142,63172543.52746468
2010-12-21,17.0,191687789.88,120943987.35,291350413.49,87851201.99000001,218318482.21,106285432.72666669,12.0,21.0,355.0,94364263.73285714,17033734.271047108
2010-12-22,18.0,6264108.58,191687789.78,6224521.05,176450263.04000002,165956421.28,106298628.53666669,12.0,22.0,356.0,55891277.89714285,19420798.220084004
2010-12-23,19.0,22039512.740000002,6264108.48,120943987.35,291350413.49,87851201.99000001,73330470.30000003,12.0,23.0,357.0,58150562.41,41322754.37672265
2010-12-24,19.0,22039512.740000002,6264108.48,120943987.35,291350413.49,87851201.99000001,73330470.30000003,12.0,23.0,357.0,44021351.73714285,-19121639.94803364
2010-12-25,19.0,22039512.740000002,6264108.48,120943987.35,291350413.49,87851201.99000001,73330470.30000003,12.0,23.0,357.0,19785883.574285716,-19499476.41682916
2010-12-26,19.0,22039512.740000002,6264108.48,120943987.35,291350413.49,87851201.99000001,73330470.30000003,12.0,23.0,357.0,22039512.740000002,-102328714.03045563
2010-12-27,19.0,22039512.740000002,6264108.48,120943987.35,291350413.49,87851201.99000001,73330470.30000003,12.0,23.0,357.0,22039512.740000002,63172543.52746468
2010-12-28,19.0,22039512.740000002,6264108.48,120943987.35,291350413.49,87851201.99000001,73330470.30000003,12.0,23.0,357.0,22039512.740000002,17033734.271047108
2010-12-29,19.0,22039512.740000002,6264108.48,120943987.35,291350413.49,87851201.99000001,73330470.30000003,12.0,23.0,357.0,22039512.740000002,19420798.220084004
2010-12-30,19.0,22039512.740000002,6264108.48,120943987.35,291350413.49,87851201.99000001,73330470.30000003,12.0,23.0,357.0,22039512.740000002,41322754.37672265
2010-12-31,19.0,22039512.740000002,6264108.48,120943987.35,291350413.49,87851201.99000001,73330470.30000003,12.0,23.0,357.0,22039512.740000002,-19121639.94803364
2011-01-01,19.0,22039512.740000002,6264108.48,120943987.35,291350413.49,87851201.99000001,73330470.30000003,12.0,23.0,357.0,23797335.61714286,-19499476.41682916
2011-01-02,19.0,22039512.740000002,6264108.48,120943987.35,291350413.49,87851201.99000001,73330470.30000003,12.0,23.0,357.0,123939059.04714286,-102328714.03045563
2011-01-03,19.0,22039512.740000002,6264108.48,120943987.35,291350413.49,87851201.99000001,73330470.30000003,12.0,23.0,357.0,146301953.5642857,63172543.52746468
2011-01-04,20.0,34344272.88,22039512.64,191687789.78,6224521.05,176450263.04000002,20882631.300000023,1.0,4.0,4.0,156973270.15142855,17033734.271047108
2011-01-05,21.0,723031576.75,34344272.78,6264108.48,120943987.35,291350413.49,259805120.69000003,1.0,5.0,5.0,167644586.7385714,19420798.220084004
2011-01-06,22.0,178579774.35999998,723031576.65,22039512.64,191687789.78,6224521.05,311985207.8966667,1.0,6.0,6.0,168638651.1542857,41322754.37672265
2011-01-07,23.0,96738728.85,178579774.26,34344272.78,6264108.48,120943987.35,332783359.8866667,1.0,7.0,7.0,175569900.32285714,-19121639.94803364
2011-01-08,23.0,96738728.85,178579774.26,34344272.78,6264108.48,120943987.35,332783359.8866667,1.0,7.0,7.0,192380045.48999998,-19499476.41682916
2011-01-09,24.0,28997963.650000002,96738728.75,723031576.65,22039512.64,191687789.78,101438822.18666671,1.0,9.0,9.0,100092636.97428569,-102328714.03045563
2011-01-10,25.0,70558256.92,28997963.55,178579774.26,34344272.78,6264108.48,65431649.70666671,1.0,10.0,10.0,82767830.11999999,63172543.52746468
2011-01-11,26.0,152015289.04999998,70558256.82000001,96738728.75,723031576.65,22039512.64,83857169.77333337,1.0,11.0,11.0,90565278.13285713,17033734.271047108
2011-01-12,27.0,77019717.14,152015288.95,28997963.55,178579774.26,34344272.78,99864420.93666671,1.0,12.0,12.0,98362726.14571428,19420798.220084004
2011-01-13,28.0,57306126.38,77019717.04,70558256.82000001,96738728.75,723031576.65,95447044.09000003,1.0,13.0,13.0,95327826.28142856,41322754.37672265
2011-01-14,29.0,151320864.94,57306126.28,152015288.95,28997963.55,178579774.26,95215569.38666672,1.0,14.0,14.0,103897331.52142857,-19121639.94803364
2011-01-15,29.0,151320864.94,57306126.28,152015288.95,28997963.55,178579774.26,95215569.38666672,1.0,14.0,14.0,90158375.82,-19499476.41682916
2011-01-16,30.0,7753664.6,151320864.84,77019717.04,70558256.82000001,96738728.75,72126885.20666671,1.0,16.0,16.0,90738041.69999999,-102328714.03045563
2011-01-17,31.0,130544793.6,7753664.5,57306126.28,152015288.95,28997963.55,96539774.28000005,1.0,17.0,17.0,92711821.83142856,63172543.52746468
2011-01-18,32.0,55842599.14,130544793.5,151320864.84,77019717.04,70558256.82000001,64713685.68000004,1.0,18.0,18.0,85514270.84571427,17033734.271047108
2011-01-19,33.0,81077378.29999998,55842599.04,7753664.5,57306126.28,152015288.95,89154923.58000003,1.0,19.0,19.0,78316719.85999998,19420798.220084004
2011-01-20,34.0,71122587.3,81077378.19999999,130544793.5,151320864.84,77019717.04,69347521.48000003,1.0,20.0,20.0,79147127.82285714,41322754.37672265
2011-01-21,35.0,100938008.03999999,71122587.2,55842599.04,7753664.5,57306126.28,84379324.4466667,1.0,21.0,21.0,71867344.76571427,-19121639.94803364
2011-01-22,35.0,100938008.03999999,71122587.2,55842599.04,7753664.5,57306126.28,84379324.4466667,1.0,21.0,21.0,77930543.16857141,-19499476.41682916
2011-01-23,36.0,13566520.34,100938007.94,81077378.19999999,130544793.5,151320864.84,61875705.1266667,1.0,23.0,23.0,74462495.46285713,-102328714.03045563
2011-01-24,37.0,79586312.2,13566520.24,71122587.2,55842599.04,7753664.5,64696946.76000004,1.0,24.0,24.0,76142288.00571427,63172543.52746468
2011-01-25,38.0,98284987.96,79586312.10000001,100938007.94,81077378.19999999,130544793.5,63812606.73333337,1.0,25.0,25.0,71662682.80285713,17033734.271047108
2011-01-26,39.0,56801044.36,98284987.86,13566520.24,71122587.2,55842599.04,78224114.74000004,1.0,26.0,26.0,67183077.6,19420798.220084004
2011-01-27,40.0,82881135.1,56801044.26,79586312.10000001,100938007.94,81077378.19999999,79322389.04000004,1.0,27.0,27.0,66361750.599999994,41322754.37672265
2011-01-28,41.0,69580771.61999999,82881135.0,98284987.86,13566520.24,71122587.2,69754316.92666669,1.0,28.0,28.0,66106213.705714285,-19121639.94803364
2011-01-29,41.0,69580771.61999999,82881135.0,98284987.86,13566520.24,71122587.2,69754316.92666669,1.0,28.0,28.0,64253043.49714286,-19499476.41682916
2011-01-30,42.0,7817231.339999999,69580771.52,56801044.26,79586312.10000001,100938007.94,53426379.25333337,1.0,30.0,30.0,64128914.56714285,-102328714.03045563
2011-01-31,43.0,77797553.94,7817231.239999999,82881135.0,98284987.86,13566520.24,51731852.20000004,1.0,31.0,31.0,61524496.60285714,63172543.52746468
2011-02-01,44.0,85312796.5,77797553.84,69580771.52,56801044.26,79586312.10000001,56975860.49333338,2.0,1.0,32.0,61841528.7442857,17033734.271047108
2011-02-02,45.0,55932141.85,85312796.4,7817231.239999999,82881135.0,98284987.86,73014163.99666671,2.0,2.0,33.0,62158560.88571428,19420798.220084004
2011-02-03,46.0,64650209.35,55932141.75,77797553.84,69580771.52,56801044.26,68631715.80000006,2.0,3.0,34.0,61275709.7942857,41322754.37672265
2011-02-04,47.0,71799996.60999998,64650209.25,85312796.4,7817231.239999999,82881135.0,64127449.17000004,2.0,4.0,35.0,56802497.98285713,-19121639.94803364
2011-02-05,47.0,71799996.60999998,64650209.25,85312796.4,7817231.239999999,82881135.0,64127449.17000004,2.0,4.0,35.0,52764957.15285713,-19499476.41682916
2011-02-06,48.0,1637273.7000000002,71799996.50999999,55932141.75,77797553.84,69580771.52,46029159.7866667,2.0,6.0,37.0,49321953.50285714,-102328714.03045563
2011-02-07,49.0,46485071.26,1637273.6,64650209.25,85312796.4,7817231.239999999,39974113.7566667,2.0,7.0,38.0,45748320.69857143,63172543.52746468
2011-02-08,50.0,57050010.690000005,46485071.16,71799996.50999999,55932141.75,77797553.84,35057451.78333337,2.0,8.0,39.0,43339040.93142857,17033734.271047108
2011-02-09,51.0,31831116.3,57050010.59,1637273.6,64650209.25,85312796.4,45122065.98333338,2.0,9.0,40.0,40929761.16428571,19420798.220084004
2011-02-10,52.0,39634779.72,31831116.2,46485071.16,71799996.50999999,55932141.75,42838635.47000004,2.0,10.0,41.0,41417030.99285714,41322754.37672265
2011-02-11,53.0,54935038.239999995,39634779.62,57050010.59,1637273.6,64650209.25,42133644.653333366,2.0,11.0,42.0,43193835.05714286,-19121639.94803364
2011-02-12,53.0,54935038.239999995,39634779.62,57050010.59,1637273.6,64650209.25,42133644.653333366,2.0,11.0,42.0,58816567.014285706,-19499476.41682916
2011-02-13,54.0,5048162.499999999,54935038.13999999,31831116.2,46485071.16,71799996.50999999,33205993.386666704,2.0,13.0,44.0,63190588.242857136,-102328714.03045563
2011-02-14,55.0,58922699.70999999,5048162.399999999,39634779.62,57050010.59,1637273.6,39635300.050000034,2.0,14.0,45.0,73756796.73142856,63172543.52746468
2011-02-15,56.0,166409134.39,58922699.60999999,54935038.13999999,31831116.2,46485071.16,76793332.10000004,2.0,15.0,46.0,69507191.31857142,17033734.271047108
2011-02-16,57.0,62449264.9,166409134.29,5048162.399999999,39634779.62,57050010.59,95927032.90000004,2.0,16.0,47.0,65257585.90571428,19420798.220084004
2011-02-17,58.0,113598239.14,62449264.8,58922699.60999999,54935038.13999999,31831116.2,114152212.71000004,2.0,17.0,48.0,66614707.89714286,41322754.37672265
2011-02-18,59.0,25187800.35,113598239.04,166409134.29,5048162.399999999,39634779.62,67078434.69666671,2.0,18.0,49.0,112133486.74142857,-19121639.94803364
2011-02-19,59.0,25187800.35,113598239.04,166409134.29,5048162.399999999,39634779.62,67078434.69666671,2.0,18.0,49.0,105436547.83142856,-19499476.41682916
2011-02-20,60.0,14548016.44,25187800.25,62449264.8,58922699.60999999,54935038.13999999,51111351.87666672,2.0,20.0,51.0,110507042.12857144,-102328714.03045563
2011-02-21,61.0,377554151.62,14548016.34,113598239.04,166409134.29,5048162.399999999,139096656.03666672,2.0,21.0,52.0,102767785.94,63172543.52746468
2011-02-22,62.0,119530562.02,377554151.52,25187800.25,62449264.8,58922699.60999999,170544243.26000005,2.0,22.0,53.0,104124744.57857142,17033734.271047108
2011-02-23,63.0,97942724.97999999,119530561.92,14548016.34,113598239.04,166409134.29,198342479.44000006,2.0,23.0,54.0,105481703.21714285,19420798.220084004
2011-02-24,64.0,59423445.82,97942724.88,377554151.52,25187800.25,62449264.8,92298910.84000005,2.0,24.0,55.0,105103458.38857143,41322754.37672265
2011-02-25,65.0,34686510.82,59423445.72,119530561.92,14548016.34,113598239.04,64017560.44000006,2.0,25.0,56.0,62452087.02857143,-19121639.94803364
2011-02-26,65.0,34686510.82,59423445.72,119530561.92,14548016.34,113598239.04,64017560.44000006,2.0,25.0,56.0,57946256.12571428,-19499476.41682916
2011-02-27,66.0,11900302.639999999,34686510.72,97942724.88,377554151.52,25187800.25,35336752.99333339,2.0,27.0,58.0,48161963.24285714,-102328714.03045563
2011-02-28,67.0,78994552.1,11900302.54,59423445.72,119530561.92,14548016.34,41860455.086666726,2.0,28.0,59.0,54559540.03428571,63172543.52746468
2011-03-01,68.0,87989745.69999999,78994552.0,34686510.72,97942724.88,377554151.52,59628200.04666672,3.0,1.0,60.0,55804656.502857134,17033734.271047108
2011-03-02,69.0,29452674.8,87989745.6,11900302.54,59423445.72,119530561.92,65478990.76666672,3.0,2.0,61.0,57049772.97142856,19420798.220084004
2011-03-03,70.0,104206483.36,29452674.7,78994552.0,34686510.72,97942724.88,73882967.8533334,3.0,3.0,62.0,57377430.40285713,41322754.37672265
2011-03-04,71.0,43402326.1,104206483.26,87989745.6,11900302.54,59423445.72,59020494.653333396,3.0,4.0,63.0,67170450.93142855,-19121639.94803364
2011-03-05,71.0,43402326.1,104206483.26,87989745.6,11900302.54,59423445.72,59020494.653333396,3.0,4.0,63.0,59871143.46571428,-19499476.41682916
2011-03-06,72.0,14193904.66,43402326.0,29452674.7,78994552.0,34686510.72,53934237.940000065,3.0,6.0,65.0,58721755.559999995,-102328714.03045563
2011-03-07,73.0,147545695.79999998,14193904.56,104206483.26,87989745.6,11900302.54,68380642.08666672,3.0,7.0,66.0,52222933.85142857,63172543.52746468
2011-03-08,74.0,36894593.440000005,147545695.7,43402326.0,29452674.7,78994552.0,66211397.86666673,3.0,8.0,67.0,61683758.115714274,17033734.271047108
2011-03-09,75.0,21406959.46,36894593.34,14193904.56,104206483.26,87989745.6,68615749.46666671,3.0,9.0,68.0,71144582.38,19420798.220084004
2011-03-10,76.0,58714731.4,21406959.36,147545695.7,43402326.0,29452674.7,39005428.00000006,3.0,10.0,69.0,69655147.56142856,41322754.37672265
2011-03-11,77.0,109628095.94999999,58714731.3,36894593.34,14193904.56,104206483.26,63249928.836666726,3.0,11.0,70.0,57775576.99428572,-19121639.94803364
2011-03-12,77.0,109628095.94999999,58714731.3,36894593.34,14193904.56,104206483.26,63249928.836666726,3.0,11.0,70.0,66698911.522857144,-19499476.41682916
2011-03-13,78.0,3767860.93,109628095.85,21406959.36,147545695.7,43402326.0,57370229.32666672,3.0,13.0,72.0,69354013.71857142,-102328714.03045563
2011-03-14,79.0,64388701.83,3767860.83,58714731.3,36894593.34,14193904.56,59261552.803333394,3.0,14.0,73.0,86424993.47999999,63172543.52746468
2011-03-15,80.0,99357935.14,64388701.73,109628095.85,21406959.36,147545695.7,55838165.86666673,3.0,15.0,74.0,104263568.26142856,17033734.271047108
2011-03-16,81.0,39992674.83,99357935.04,3767860.83,58714731.3,36894593.34,67913103.83333339,3.0,16.0,75.0,122102143.04285714,19420798.220084004
2011-03-17,82.0,178211589.73,39992674.73,64388701.73,109628095.85,21406959.36,105854066.46666671,3.0,17.0,76.0,131790582.25999999,41322754.37672265
2011-03-18,83.0,234498119.42,178211589.63,99357935.04,3767860.83,58714731.3,150900794.56000006,3.0,18.0,77.0,126874809.26428571,-19121639.94803364
2011-03-19,83.0,234498119.42,178211589.63,99357935.04,3767860.83,58714731.3,150900794.56000006,3.0,18.0,77.0,134772012.81285712,-19499476.41682916
2011-03-20,84.0,71586935.44999999,234498119.32,39992674.73,64388701.73,109628095.85,161432214.7666667,3.0,20.0,79.0,136760259.23142856,-102328714.03045563
2011-03-21,85.0,29978290.860000003,71586935.35,178211589.63,99357935.04,3767860.83,112021115.14333339,3.0,21.0,80.0,123461281.42857142,63172543.52746468
2011-03-22,86.0,154638359.98,29978290.76,234498119.32,39992674.73,64388701.73,85401195.33000006,3.0,22.0,81.0,100611741.85428572,17033734.271047108
2011-03-23,87.0,53910399.76,154638359.88,71586935.35,178211589.63,99357935.04,79509016.76666673,3.0,23.0,82.0,77762202.27999999,19420798.220084004
2011-03-24,88.0,85118745.11,53910399.66,29978290.76,234498119.32,39992674.73,97889168.1833334,3.0,24.0,83.0,68906007.40142857,41322754.37672265
2011-03-25,89.0,74551342.4,85118745.01,154638359.88,71586935.35,178211589.63,71193495.65666674,3.0,25.0,84.0,82809788.18571427,-19121639.94803364
2011-03-26,89.0,74551342.4,85118745.01,154638359.88,71586935.35,178211589.63,71193495.65666674,3.0,25.0,84.0,102846881.32,-19499476.41682916
2011-03-27,90.0,9593571.299999999,74551342.30000001,53910399.66,29978290.76,234498119.32,56421219.5033334,3.0,27.0,86.0,109627141.93428572,-102328714.03045563
2011-03-28,91.0,127304756.35,9593571.2,85118745.01,154638359.88,71586935.35,70483223.25000006,3.0,28.0,87.0,118556423.92857142,63172543.52746468
2011-03-29,92.0,294898011.92,127304756.25,74551342.30000001,53910399.66,29978290.76,143932113.09000006,3.0,29.0,88.0,119532788.87142858,17033734.271047108
2011-03-30,93.0,101372224.05999999,294898011.82,9593571.2,85118745.01,154638359.88,174524997.3433334,3.0,30.0,89.0,120509153.81428571,19420798.220084004
2011-03-31,94.0,147623719.07,101372223.96,127304756.25,74551342.30000001,53910399.66,181297984.91666675,3.0,31.0,90.0,120584498.72857141,41322754.37672265
2011-04-01,95.0,81385897.0,147623718.97,294898011.82,9593571.2,85118745.01,110127279.94333339,4.0,1.0,91.0,137428514.3642857,-19121639.94803364
2011-04-02,95.0,81385897.0,147623718.97,294898011.82,9593571.2,85118745.01,110127279.94333339,4.0,1.0,91.0,108421897.71142857,-19499476.41682916
2011-04-03,96.0,10120985.7,81385896.9,101372223.96,127304756.25,74551342.30000001,79710200.49000007,4.0,3.0,93.0,98559258.53999999,-102328714.03045563
2011-04-04,97.0,245212865.79999998,10120985.6,147623718.97,294898011.82,9593571.2,112239916.06666672,4.0,4.0,94.0,84434698.97857143,63172543.52746468
2011-04-05,98.0,91851695.35,245212865.7,81385896.9,101372223.96,127304756.25,115728515.51666673,4.0,5.0,95.0,84679214.47857143,17033734.271047108
2011-04-06,99.0,32333749.860000003,91851695.25,10120985.6,147623718.97,294898011.82,123132770.23666672,4.0,6.0,96.0,84923729.97857143,19420798.220084004
2011-04-07,100.0,48751802.14,32333749.76,245212865.7,81385896.9,101372223.96,57645749.01666673,4.0,7.0,97.0,85933321.4157143,41322754.37672265
2011-04-08,101.0,83097505.49999999,48751802.04,91851695.25,10120985.6,147623718.97,54727685.73333339,4.0,8.0,98.0,57867296.825714275,-19121639.94803364
2011-04-09,101.0,83097505.49999999,48751802.04,91851695.25,10120985.6,147623718.97,54727685.73333339,4.0,8.0,98.0,52739645.14571428,-19499476.41682916
2011-04-10,102.0,17188125.76,83097505.39999999,32333749.76,245212865.7,81385896.9,49679144.36666673,4.0,10.0,100.0,55935290.608571425,-102328714.03045563
2011-04-11,103.0,48750693.67,17188125.66,48751802.04,91851695.25,10120985.6,49678774.876666725,4.0,11.0,101.0,62597097.68142857,63172543.52746468
2011-04-12,104.0,55958133.59,48750693.57,83097505.39999999,32333749.76,245212865.7,40632317.57333339,4.0,12.0,102.0,66568842.85942856,17033734.271047108
2011-04-13,105.0,54703268.1,55958133.49,17188125.66,48751802.04,91851695.25,53137365.02000006,4.0,13.0,103.0,70540588.03742856,19420798.220084004
2011-04-14,106.0,95384451.64999999,54703268.0,48750693.57,83097505.39999999,32333749.76,68681951.0133334,4.0,14.0,104.0,71327821.11028571,41322754.37672265
2011-04-15,107.0,110899721.74599999,95384451.55,55958133.49,17188125.66,48751802.04,86995813.73200005,4.0,15.0,105.0,103596704.37457141,-19121639.94803364
2011-04-16,107.0,110899721.74599999,95384451.55,55958133.49,17188125.66,48751802.04,86995813.73200005,4.0,15.0,105.0,110293645.88171428,-19499476.41682916
2011-04-17,108.0,22698757.270000003,110899721.646,54703268.0,48750693.57,83097505.39999999,76327643.4553334,4.0,17.0,107.0,110793690.94885714,-102328714.03045563
2011-04-18,109.0,274632876.52000004,22698757.17,95384451.55,55958133.49,17188125.66,136077118.41200006,4.0,18.0,108.0,122049882.47885713,63172543.52746468
2011-04-19,110.0,102836724.14,274632876.42,110899721.646,54703268.0,48750693.57,133389452.54333341,4.0,19.0,109.0,131089606.85228571,17033734.271047108
2011-04-20,111.0,58203583.57,102836724.04,22698757.17,95384451.55,55958133.49,145224394.6433334,4.0,20.0,110.0,140129331.22571427,19420798.220084004
2011-04-21,112.0,174177792.35999998,58203583.47,274632876.42,110899721.646,54703268.0,111739366.59000008,4.0,21.0,111.0,161769193.38142857,41322754.37672265
2011-04-22,112.0,174177792.35999998,58203583.47,274632876.42,110899721.646,54703268.0,111739366.59000008,4.0,21.0,111.0,147418467.07285714,-19121639.94803364
2011-04-23,112.0,174177792.35999998,58203583.47,274632876.42,110899721.646,54703268.0,111739366.59000008,4.0,21.0,111.0,151802776.99571428,-19499476.41682916
2011-04-24,112.0,174177792.35999998,58203583.47,274632876.42,110899721.646,54703268.0,111739366.59000008,4.0,21.0,111.0,154370665.71714282,-102328714.03045563
2011-04-25,112.0,174177792.35999998,58203583.47,274632876.42,110899721.646,54703268.0,111739366.59000008,4.0,21.0,111.0,138351783.6685714,63172543.52746468
2011-04-26,113.0,133526893.6,174177792.26,102836724.04,22698757.17,95384451.55,121969423.07666673,4.0,26.0,116.0,122332901.61999997,17033734.271047108
2011-04-27,114.0,76178804.61999999,133526893.5,58203583.47,274632876.42,110899721.646,127961163.42666674,4.0,27.0,117.0,106314019.57142854,19420798.220084004
2011-04-28,115.0,62045618.02,76178804.52,174177792.26,102836724.04,22698757.17,90583771.98000008,4.0,28.0,118.0,82138925.78285713,41322754.37672265
2011-04-29,115.0,62045618.02,76178804.52,174177792.26,102836724.04,22698757.17,90583771.98000008,4.0,28.0,118.0,57963831.99428571,-19121639.94803364
2011-04-30,115.0,62045618.02,76178804.52,174177792.26,102836724.04,22698757.17,90583771.98000008,4.0,28.0,118.0,87332350.99857143,-19499476.41682916
2011-05-01,116.0,4952135.84,62045617.92,133526893.5,58203583.47,274632876.42,47725519.39333341,5.0,1.0,121.0,84542537.30285716,-102328714.03045563
2011-05-02,116.0,4952135.84,62045617.92,133526893.5,58203583.47,274632876.42,47725519.39333341,5.0,1.0,121.0,91144418.27714287,63172543.52746468
2011-05-03,117.0,339106526.63000005,4952135.74,76178804.52,174177792.26,102836724.04,135368093.39666677,5.0,3.0,123.0,102686848.3342857,17033734.271047108
2011-05-04,118.0,56650108.75,339106526.53000003,62045617.92,133526893.5,58203583.47,133569590.30666675,5.0,4.0,124.0,114229278.39142856,19420798.220084004
2011-05-05,119.0,108258784.83999999,56650108.65,4952135.74,76178804.52,174177792.26,168005139.97333342,5.0,5.0,125.0,120115434.08571427,41322754.37672265
2011-05-06,120.0,142842628.42,108258784.74,339106526.53000003,62045617.92,133526893.5,102583840.57000007,5.0,6.0,126.0,135588373.47714284,-19121639.94803364
2011-05-07,120.0,142842628.42,108258784.74,339106526.53000003,62045617.92,133526893.5,102583840.57000007,5.0,6.0,126.0,126340404.17999999,-19499476.41682916
2011-05-08,121.0,46155225.7,142842628.32,56650108.65,4952135.74,76178804.52,99085546.22000007,5.0,8.0,128.0,132091033.91571426,-102328714.03045563
2011-05-09,122.0,113262711.58,46155225.6,108258784.74,339106526.53000003,62045617.92,100753521.80000007,5.0,9.0,129.0,160757423.22857141,63172543.52746468
2011-05-10,123.0,274370741.55,113262711.48,142842628.32,56650108.65,4952135.74,144596226.17666677,5.0,10.0,130.0,151026654.13142857,17033734.271047108
2011-05-11,124.0,96904516.89999999,274370741.45,46155225.6,108258784.74,339106526.53000003,161512656.57666674,5.0,11.0,131.0,141295885.03428572,19420798.220084004
2011-05-12,125.0,308923510.03000003,96904516.8,113262711.48,142842628.32,56650108.65,226732922.72666678,5.0,12.0,132.0,136295782.70285717,41322754.37672265
2011-05-13,126.0,74727244.74,308923509.93,274370741.45,46155225.6,108258784.74,160185090.45666677,5.0,13.0,133.0,163355556.50285715,-19121639.94803364
2011-05-14,126.0,74727244.74,308923509.93,274370741.45,46155225.6,108258784.74,160185090.45666677,5.0,13.0,133.0,163016535.75285715,-19499476.41682916
2011-05-15,127.0,11154509.379999999,74727244.64,96904516.8,113262711.48,142842628.32,131601754.61666678,5.0,15.0,135.0,163449794.36714286,-102328714.03045563
2011-05-16,128.0,302681128.18,11154509.28,308923509.93,274370741.45,46155225.6,129520960.66666676,5.0,16.0,136.0,139033851.07285714,63172543.52746468
2011-05-17,129.0,271997596.3000001,302681128.08,74727244.64,96904516.8,113262711.48,195277744.52000013,5.0,17.0,137.0,136953532.83285713,17033734.271047108
2011-05-18,130.0,99937327.19999999,271997596.20000005,11154509.28,308923509.93,274370741.45,224872017.12666678,5.0,18.0,138.0,134873214.59285715,19420798.220084004
2011-05-19,131.0,138011906.97,99937327.1,302681128.08,74727244.64,96904516.8,169982276.72333345,5.0,19.0,139.0,141643116.97,41322754.37672265
2011-05-20,132.0,60165017.059999995,138011906.87,271997596.20000005,11154509.28,308923509.93,99371416.97666676,5.0,20.0,140.0,128021308.89571427,-19121639.94803364
2011-05-21,132.0,60165017.059999995,138011906.87,271997596.20000005,11154509.28,308923509.93,99371416.97666676,5.0,20.0,140.0,105443541.87571427,-19499476.41682916
2011-05-22,133.0,58543826.02,60165016.95999999,99937327.1,302681128.08,74727244.64,85573583.2500001,5.0,22.0,142.0,98868371.70571427,-102328714.03045563
2011-05-23,134.0,207328471.66,58543825.92,138011906.87,271997596.20000005,11154509.28,108679104.81333344,5.0,23.0,143.0,89052474.51857142,63172543.52746468
2011-05-24,135.0,113953227.16,207328471.56,60165016.95999999,99937327.1,302681128.08,126608508.18000011,5.0,24.0,144.0,92882966.82714285,17033734.271047108
2011-05-25,136.0,53911136.01,113953227.06,58543825.92,138011906.87,271997596.20000005,125064278.17666678,5.0,25.0,145.0,96713459.13571426,19420798.220084004
2011-05-26,137.0,69300626.66,53911135.91,207328471.56,60165016.95999999,99937327.1,79054996.5100001,5.0,26.0,146.0,89351271.36999999,41322754.37672265
2011-05-27,138.0,86978463.21999998,69300626.56,113953227.06,58543825.92,138011906.87,70063408.53000009,5.0,27.0,147.0,60734134.22714285,-19121639.94803364
2011-05-28,138.0,86978463.21999998,69300626.56,113953227.06,58543825.92,138011906.87,70063408.53000009,5.0,27.0,147.0,52834825.715714276,-19499476.41682916
2011-05-29,139.0,7008511.659999999,86978463.11999999,53911135.91,207328471.56,60165016.95999999,54429200.41333342,5.0,29.0,149.0,54196585.728571415,-102328714.03045563
2011-05-30,139.0,7008511.659999999,86978463.11999999,53911135.91,207328471.56,60165016.95999999,54429200.41333342,5.0,29.0,149.0,58263110.545714274,63172543.52746468
2011-05-31,140.0,58658067.58,7008511.56,69300626.56,113953227.06,58543825.92,50881680.720000096,5.0,31.0,151.0,49355302.15285714,17033734.271047108
2011-06-01,141.0,63443456.1,58658067.48,86978463.11999999,53911135.91,207328471.56,43036678.34666676,6.0,1.0,152.0,40447493.76,19420798.220084004
2011-06-02,142.0,97766300.38,63443456.0,7008511.56,69300626.56,113953227.06,73289274.58666676,6.0,2.0,153.0,48996507.82285714,41322754.37672265
2011-06-03,143.0,24623804.470000003,97766300.28,58658067.48,86978463.11999999,53911135.91,61944520.216666766,6.0,3.0,154.0,54190219.52857142,-19121639.94803364
2011-06-04,143.0,24623804.470000003,97766300.28,58658067.48,86978463.11999999,53911135.91,61944520.216666766,6.0,3.0,154.0,63714020.102857135,-19499476.41682916
2011-06-05,144.0,66851610.1,24623804.37,63443456.0,7008511.56,69300626.56,63080571.5500001,6.0,5.0,156.0,86701438.11428571,-102328714.03045563
2011-06-06,145.0,43364493.6,66851610.0,97766300.28,58658067.48,86978463.11999999,44946635.95666677,6.0,6.0,157.0,105945374.28857142,63172543.52746468
2011-06-07,146.0,125324671.6,43364493.5,24623804.37,63443456.0,7008511.56,78513591.66666676,6.0,7.0,158.0,154103129.39,17033734.271047108
2011-06-08,147.0,224355382.18,125324671.5,66851610.0,97766300.28,58658067.48,131014849.02666676,6.0,8.0,159.0,202260884.49142855,19420798.220084004
2011-06-09,148.0,232473853.6,224355382.08,43364493.5,24623804.37,63443456.0,194051302.3600001,6.0,9.0,160.0,196854071.76,41322754.37672265
2011-06-10,149.0,361728090.18,232473853.5,125324671.5,66851610.0,97766300.28,272852441.8866668,6.0,10.0,161.0,198713418.08714285,-19121639.94803364
2011-06-11,149.0,361728090.18,232473853.5,125324671.5,66851610.0,97766300.28,272852441.8866668,6.0,10.0,161.0,193452617.94714287,-19499476.41682916
2011-06-12,150.0,29003920.980000004,361728090.08,224355382.08,43364493.5,24623804.37,207735288.15333343,6.0,12.0,163.0,193500492.79857144,-102328714.03045563
2011-06-13,151.0,56379917.89,29003920.880000003,232473853.5,125324671.5,66851610.0,149037309.58333343,6.0,13.0,164.0,174567358.9957143,63172543.52746468
2011-06-14,152.0,88499070.62,56379917.79,361728090.08,224355382.08,43364493.5,-1038410.6833332131,6.0,14.0,165.0,128090445.98714285,17033734.271047108
2011-06-15,153.0,224690506.14,-88499070.72,29003920.880000003,232473853.5,125324671.5,64190451.03666678,6.0,15.0,166.0,81613532.97857141,19420798.220084004
2011-06-16,154.0,99941916.97999999,224690506.04,56379917.79,361728090.08,224355382.08,78711117.40000011,6.0,16.0,167.0,84887509.93857141,41322754.37672265
2011-06-17,155.0,36389699.120000005,99941916.88,-88499070.72,29003920.880000003,232473853.5,120340707.31333344,6.0,17.0,168.0,110403524.88571428,-19121639.94803364
2011-06-18,155.0,36389699.120000005,99941916.88,-88499070.72,29003920.880000003,232473853.5,120340707.31333344,6.0,17.0,168.0,105284206.63142857,-19499476.41682916
2011-06-19,156.0,51921759.7,36389699.02,224690506.04,56379917.79,361728090.08,62751125.16666678,6.0,19.0,170.0,81281322.45714286,-102328714.03045563
2011-06-20,157.0,234992022.51999998,51921759.6,99941916.88,-88499070.72,29003920.880000003,107767827.01333344,6.0,20.0,171.0,80127682.58285715,63172543.52746468
2011-06-21,158.0,52663842.84,234992022.42,36389699.02,224690506.04,56379917.79,113192541.58666678,6.0,21.0,172.0,96339112.70428571,17033734.271047108
2011-06-22,159.0,56670316.92,52663842.74,51921759.6,99941916.88,-88499070.72,114775393.99333346,6.0,22.0,173.0,112550542.82571429,19420798.220084004
2011-06-23,160.0,91866437.86,56670316.82,234992022.42,36389699.02,224690506.04,67066865.77333345,6.0,23.0,174.0,106428350.66142856,41322754.37672265
2011-06-24,161.0,149869709.97,91866437.76,52663842.74,51921759.6,99941916.88,99468821.48333345,6.0,24.0,175.0,79432309.64428571,-19121639.94803364
2011-06-25,161.0,149869709.97,91866437.76,52663842.74,51921759.6,99941916.88,99468821.48333345,6.0,24.0,175.0,86686814.77857143,-19499476.41682916
2011-06-26,162.0,9066414.549999999,149869709.87,56670316.82,234992022.42,36389699.02,83600854.02666678,6.0,26.0,177.0,86677083.01571429,-102328714.03045563
2011-06-27,163.0,46019735.4,9066414.45,91866437.76,52663842.74,51921759.6,68318619.87333345,6.0,27.0,178.0,90284777.03,63172543.52746468
2011-06-28,164.0,103445378.78,46019735.3,149869709.87,56670316.82,234992022.42,52843842.81000012,6.0,28.0,179.0,72628029.16285715,17033734.271047108
2011-06-29,165.0,56602194.58,103445378.68,9066414.45,91866437.76,52663842.74,68689102.82000013,6.0,29.0,180.0,54971281.29571429,19420798.220084004
2011-06-30,166.0,117120295.96,56602194.48,46019735.3,149869709.87,56670316.82,92389289.67333345,6.0,30.0,181.0,54472093.78571428,41322754.37672265
2011-07-01,167.0,26272474.900000002,117120295.86,103445378.68,9066414.45,91866437.76,66664988.38000012,7.0,1.0,182.0,68909127.15428571,-19121639.94803364
2011-07-02,167.0,26272474.900000002,117120295.86,103445378.68,9066414.45,91866437.76,66664988.38000012,7.0,1.0,182.0,83404202.97714284,-19499476.41682916
2011-07-03,168.0,5572101.9799999995,26272474.8,56602194.48,46019735.3,149869709.87,49654957.51333346,7.0,3.0,184.0,89519967.65857142,-102328714.03045563
2011-07-04,169.0,147078968.98,5572101.88,117120295.86,103445378.68,9066414.45,59641181.85333345,7.0,4.0,185.0,90754560.34142856,63172543.52746468
2011-07-05,170.0,204910909.54,147078968.88,26272474.8,56602194.48,46019735.3,119187326.73333345,7.0,5.0,186.0,99428264.94142856,17033734.271047108
2011-07-06,171.0,99412547.35,204910909.44,5572101.88,117120295.86,103445378.68,150467475.19000012,7.0,6.0,187.0,108101969.54142855,19420798.220084004
2011-07-07,172.0,125762444.74,99412547.25,147078968.88,26272474.8,56602194.48,143361967.1100001,7.0,7.0,188.0,108495591.26714283,41322754.37672265
2011-07-08,173.0,86988407.1,125762444.64,204910909.44,5572101.88,117120295.86,104054466.29666679,7.0,8.0,189.0,97018984.20142856,-19121639.94803364
2011-07-09,173.0,86988407.1,125762444.64,204910909.44,5572101.88,117120295.86,104054466.29666679,7.0,8.0,189.0,80721716.45285712,-19499476.41682916
2011-07-10,174.0,8327454.06,86988407.0,99412547.25,147078968.88,26272474.8,73692768.53333345,7.0,10.0,191.0,103530538.54857141,-102328714.03045563
2011-07-11,175.0,66742719.52,8327453.96,125762444.64,204910909.44,5572101.88,54019526.79333345,7.0,11.0,192.0,99152030.97142857,63172543.52746468
2011-07-12,176.0,90830035.3,66742719.42,86988407.0,99412547.25,147078968.88,55300069.52666679,7.0,12.0,193.0,91412344.10999998,17033734.271047108
2011-07-13,177.0,259074302.01999998,90830035.2,8327453.96,125762444.64,204910909.44,138882352.1800001,7.0,13.0,194.0,83672657.24857141,19420798.220084004
2011-07-14,178.0,95112891.69999999,259074301.92,66742719.42,86988407.0,99412547.25,148339076.2400001,7.0,14.0,195.0,87748382.8942857,41322754.37672265
2011-07-15,179.0,32810599.07,95112891.6,90830035.2,8327453.96,125762444.64,128999264.16333346,7.0,15.0,196.0,134562270.88285714,-19121639.94803364
2011-07-16,179.0,32810599.07,95112891.6,90830035.2,8327453.96,125762444.64,128999264.16333346,7.0,15.0,196.0,141784055.35999998,-19499476.41682916
2011-07-17,180.0,36857533.58,32810598.97,259074301.92,66742719.42,86988407.0,54927008.01666678,7.0,17.0,198.0,131111983.6142857,-102328714.03045563
2011-07-18,181.0,394439935.44,36857533.48,95112891.6,90830035.2,8327453.96,154702689.26333344,7.0,18.0,199.0,136515568.93142855,63172543.52746468
2011-07-19,182.0,141382526.64,394439935.34,32810598.97,259074301.92,66742719.42,190893331.78666675,7.0,19.0,200.0,137797488.95285714,17033734.271047108
2011-07-20,183.0,184369799.79999998,141382526.54,36857533.48,95112891.6,90830035.2,240064087.19333342,7.0,20.0,201.0,139079408.9742857,19420798.220084004
2011-07-21,184.0,132937988.91999999,184369799.7,394439935.34,32810598.97,259074301.92,152896771.68666676,7.0,21.0,202.0,141674202.5128571,41322754.37672265
2011-07-22,185.0,41784039.22,132937988.82,141382526.54,36857533.48,95112891.6,119697275.88000011,7.0,22.0,203.0,102775975.04142855,-19121639.94803364
2011-07-23,185.0,41784039.22,132937988.82,141382526.54,36857533.48,95112891.6,119697275.88000011,7.0,22.0,203.0,90650993.01571429,-19499476.41682916
2011-07-24,186.0,55021088.35,41784039.12,184369799.7,394439935.34,32810598.97,76581038.73000012,7.0,24.0,205.0,72085606.92714286,-102328714.03045563
2011-07-25,187.0,122152343.14,55021088.25,132937988.82,141382526.54,36857533.48,72985823.47000012,7.0,25.0,206.0,74408670.66714287,63172543.52746468
2011-07-26,188.0,56507652.46,122152343.04,41784039.12,184369799.7,394439935.34,77893694.55000012,7.0,26.0,207.0,74391753.03285715,17033734.271047108
2011-07-27,189.0,54412097.18,56507652.36,55021088.25,132937988.82,141382526.54,77690697.49333344,7.0,27.0,208.0,74374835.39857143,19420798.220084004
2011-07-28,190.0,149199435.1,54412097.08,122152343.04,41784039.12,184369799.7,86706394.81333345,7.0,28.0,209.0,75908305.21714285,41322754.37672265
2011-07-29,191.0,41665615.78,149199435.0,56507652.36,55021088.25,132937988.82,81759049.25333345,7.0,29.0,210.0,64674191.83714285,-19121639.94803364
2011-07-30,191.0,41665615.78,149199435.0,56507652.36,55021088.25,132937988.82,81759049.25333345,7.0,29.0,210.0,93150134.39142856,-19499476.41682916
2011-07-31,192.0,65755377.08,41665615.68,54412097.08,122152343.04,41784039.12,85540142.55333345,7.0,31.0,212.0,96484235.35142858,-102328714.03045563
2011-08-01,193.0,43513549.480000004,65755376.98,149199435.0,56507652.36,55021088.25,50311514.01333345,8.0,1.0,213.0,110326307.47142857,63172543.52746468
2011-08-02,194.0,255839250.34,43513549.38,41665615.68,54412097.08,122152343.04,121702725.53333347,8.0,2.0,214.0,112507537.80285715,17033734.271047108
2011-08-03,195.0,77750803.9,255839250.24,65755376.98,149199435.0,56507652.36,125701201.1400001,8.0,3.0,215.0,114688768.13428572,19420798.220084004
2011-08-04,196.0,246093939.94,77750803.80000001,43513549.38,41665615.68,54412097.08,193227997.96000013,8.0,4.0,216.0,106246372.85142858,41322754.37672265
2011-08-05,197.0,56934228.1,246093939.84,255839250.24,65755376.98,149199435.0,126926323.88000011,8.0,5.0,217.0,115837431.83142857,-19121639.94803364
2011-08-06,197.0,56934228.1,246093939.84,255839250.24,65755376.98,149199435.0,126926323.88000011,8.0,5.0,217.0,88831803.99,-19499476.41682916
2011-08-07,198.0,6658610.1,56934228.0,77750803.80000001,43513549.38,41665615.68,103228925.94666679,8.0,7.0,219.0,90729100.91,-102328714.03045563
2011-08-08,199.0,110650962.33999999,6658610.0,246093939.84,255839250.24,65755376.98,58081266.74666679,8.0,8.0,220.0,137089071.22571427,63172543.52746468
2011-08-09,200.0,66799855.45,110650962.24,56934228.0,77750803.80000001,43513549.38,61369809.196666785,8.0,9.0,221.0,140826083.66571426,17033734.271047108
2011-08-10,201.0,91031882.33999999,66799855.35,6658610.0,246093939.84,255839250.24,89494233.27666678,8.0,10.0,222.0,144563096.10571426,19420798.220084004
2011-08-11,202.0,570613732.15,91031882.24,110650962.24,56934228.0,77750803.80000001,242815156.54666677,8.0,11.0,223.0,144574069.2628571,41322754.37672265
2011-08-12,203.0,83093315.17999999,570613732.05,66799855.35,6658610.0,246093939.84,192850766.3366668,8.0,12.0,224.0,132765008.57714285,-19121639.94803364
2011-08-13,203.0,83093315.17999999,570613732.05,66799855.35,6658610.0,246093939.84,192850766.3366668,8.0,12.0,224.0,128094781.24857144,-19499476.41682916
2011-08-14,204.0,6735422.2,-83093315.27999999,91031882.24,110650962.24,56934228.0,164751946.2900001,8.0,14.0,226.0,143376484.7257143,-102328714.03045563
2011-08-15,205.0,27987537.540000003,6735422.100000001,570613732.05,66799855.35,6658610.0,-16123451.913333187,8.0,15.0,227.0,83887455.5842857,63172543.52746468
2011-08-16,206.0,34108264.15,27987537.44,-83093315.27999999,91031882.24,110650962.24,22943741.196666807,8.0,16.0,228.0,75462770.04571427,17033734.271047108
2011-08-17,207.0,198003806.68,34108264.05,6735422.100000001,570613732.05,66799855.35,86699869.35666682,8.0,17.0,229.0,67038084.50714286,19420798.220084004
2011-08-18,208.0,154190528.15999997,198003806.58,27987537.44,-83093315.27999999,91031882.24,128767532.89666681,8.0,18.0,230.0,69955297.52142857,41322754.37672265
2011-08-19,209.0,24120516.41,154190528.05999997,34108264.05,6735422.100000001,570613732.05,125438283.65000014,8.0,19.0,231.0,73870128.39571428,-19121639.94803364
2011-08-20,209.0,24120516.41,154190528.05999997,34108264.05,6735422.100000001,570613732.05,125438283.65000014,8.0,19.0,231.0,78502190.05714285,-19499476.41682916
2011-08-21,210.0,27155913.300000004,24120516.31,198003806.58,27987537.44,-83093315.27999999,68488985.8566668,8.0,21.0,233.0,127345628.93428572,-102328714.03045563
2011-08-22,211.0,55391353.660000004,27155913.200000003,154190528.05999997,34108264.05,6735422.100000001,35555927.690000154,8.0,22.0,234.0,115752699.09714288,63172543.52746468
2011-08-23,212.0,66532695.78000001,55391353.56,24120516.31,198003806.58,27987537.44,49693320.81333349,8.0,23.0,235.0,118961783.7557143,17033734.271047108
2011-08-24,213.0,539907878.82,66532695.68000001,27155913.200000003,154190528.05999997,34108264.05,220610642.65333351,8.0,24.0,236.0,122170868.41428572,19420798.220084004
2011-08-25,214.0,73040019.3,539907878.72,55391353.56,24120516.31,198003806.58,226493531.2000002,8.0,25.0,237.0,121037586.68571427,41322754.37672265
2011-08-26,215.0,46584109.02,73040019.2,66532695.68000001,27155913.200000003,154190528.05999997,219844002.28000018,8.0,26.0,238.0,115870670.62,-19121639.94803364
2011-08-27,215.0,46584109.02,73040019.2,66532695.68000001,27155913.200000003,154190528.05999997,219844002.28000018,8.0,26.0,238.0,129177418.05714285,-19499476.41682916
2011-08-28,216.0,19222941.200000003,46584108.92,539907878.72,55391353.56,24120516.31,46282356.40666682,8.0,28.0,240.0,58139692.480000004,-102328714.03045563
2011-08-29,216.0,19222941.200000003,46584108.92,539907878.72,55391353.56,24120516.31,46282356.40666682,8.0,28.0,240.0,61771890.11857143,63172543.52746468
2011-08-30,217.0,159679927.84,19222941.1,73040019.2,66532695.68000001,27155913.200000003,75162325.92000015,8.0,30.0,242.0,71712943.70142858,17033734.271047108
2011-08-31,218.0,42643799.78,159679927.74,46584108.92,539907878.72,55391353.56,73848889.50666682,8.0,31.0,243.0,81653997.28428571,19420798.220084004
2011-09-01,219.0,98465402.77,42643799.68,19222941.1,73040019.2,66532695.68000001,100263043.36333348,9.0,1.0,244.0,84672910.19142857,41322754.37672265
2011-09-02,220.0,116171484.1,98465402.67,159679927.74,46584108.92,539907878.72,85760228.78333348,9.0,2.0,245.0,97386427.14285713,-19121639.94803364
2011-09-03,220.0,116171484.1,98465402.67,159679927.74,46584108.92,539907878.72,85760228.78333348,9.0,2.0,245.0,81962233.23428571,-19499476.41682916
2011-09-04,221.0,40355331.550000004,116171484.0,42643799.68,19222941.1,73040019.2,84997406.04000014,9.0,4.0,247.0,99222647.36428571,-102328714.03045563
2011-09-05,222.0,108217559.86,40355331.45,98465402.67,159679927.74,46584108.92,88248125.07000016,9.0,5.0,248.0,98484408.49142858,63172543.52746468
2011-09-06,223.0,51710570.480000004,108217559.76,116171484.0,42643799.68,19222941.1,66761153.863333486,9.0,6.0,249.0,95232507.20571429,17033734.271047108
2011-09-07,224.0,163466698.69,51710570.38,40355331.45,98465402.67,159679927.74,107798276.2433335,9.0,7.0,250.0,91980605.91999999,19420798.220084004
2011-09-08,225.0,93297730.66,163466698.59,108217559.76,116171484.0,42643799.68,102824999.84333348,9.0,8.0,251.0,103992588.12714285,41322754.37672265
2011-09-09,226.0,93408175.1,93297730.56,51710570.38,40355331.45,98465402.67,116724201.38333349,9.0,9.0,252.0,101630380.89285713,-19121639.94803364
2011-09-10,226.0,93408175.1,93297730.56,51710570.38,40355331.45,98465402.67,116724201.38333349,9.0,9.0,252.0,141456236.23285714,-19499476.41682916
2011-09-11,227.0,124439207.0,93408175.0,163466698.59,108217559.76,116171484.0,103715037.48666681,9.0,11.0,254.0,123903663.52,-102328714.03045563
2011-09-12,228.0,91682109.22,124439206.9,93297730.56,51710570.38,40355331.45,103176497.00666682,9.0,12.0,255.0,216870251.95857143,63172543.52746468
2011-09-13,229.0,330491557.86,91682109.12,93408175.0,163466698.59,108217559.76,182204291.26000014,9.0,13.0,256.0,219211510.7985714,17033734.271047108
2011-09-14,230.0,40598689.7,330491557.76,124439206.9,93297730.56,51710570.38,154257452.16000018,9.0,14.0,257.0,221552769.63857144,19420798.220084004
2011-09-15,231.0,744063849.73,40598689.6,91682109.12,93408175.0,163466698.59,371718032.33000016,9.0,15.0,258.0,208463062.41285712,41322754.37672265
2011-09-16,232.0,109796986.97999999,744063849.63,330491557.76,124439206.9,93297730.56,298153175.3700002,9.0,16.0,259.0,234847497.8628571,-19121639.94803364
2011-09-17,232.0,109796986.97999999,744063849.63,330491557.76,124439206.9,93297730.56,298153175.3700002,9.0,16.0,259.0,232164571.08285713,-19499476.41682916
2011-09-18,233.0,32811256.42,109796986.88,40598689.6,91682109.12,93408175.0,295557364.2766668,9.0,18.0,261.0,266597307.49857143,-102328714.03045563
2011-09-19,234.0,276373157.37,32811256.32,744063849.63,330491557.76,124439206.9,139660466.82333347,9.0,19.0,262.0,198274040.96714285,63172543.52746468
2011-09-20,235.0,311711070.40000004,276373157.27,109796986.88,40598689.6,91682109.12,206965161.29666683,9.0,20.0,263.0,211987320.87285712,17033734.271047108
2011-09-21,236.0,281627844.61,311711070.3,32811256.32,744063849.63,330491557.76,289904024.0266668,9.0,21.0,264.0,225700600.7785714,19420798.220084004
2011-09-22,237.0,265800984.01,281627844.51,276373157.27,109796986.88,40598689.6,286379966.2400001,9.0,22.0,265.0,236559513.06985712,41322754.37672265
2011-09-23,238.0,205789946.32,265800983.91,311711070.3,32811256.32,744063849.63,251072924.88000014,9.0,23.0,266.0,210002701.40099996,-19121639.94803364
2011-09-24,238.0,205789946.32,265800983.91,311711070.3,32811256.32,744063849.63,251072924.88000014,9.0,23.0,266.0,186002257.70099995,-19499476.41682916
2011-09-25,239.0,108823642.45899999,205789946.22,281627844.51,276373157.27,109796986.88,193471524.16300014,9.0,25.0,268.0,178691955.6138571,-102328714.03045563
2011-09-26,240.0,90475475.688,108823642.359,265800983.91,311711070.3,32811256.32,135029688.05566683,9.0,26.0,269.0,167794040.01957142,63172543.52746468
2011-09-27,241.0,143707964.5,90475475.588,205789946.22,281627844.51,276373157.27,114335694.11566682,9.0,27.0,270.0,160502259.1167143,17033734.271047108
2011-09-28,242.0,230455730.0,143707964.4,108823642.359,265800983.91,311711070.3,154879723.29600015,9.0,28.0,271.0,153210478.21385714,19420798.220084004
2011-09-29,243.0,189515574.85,230455729.9,90475475.588,205789946.22,281627844.51,187893089.6833335,9.0,29.0,272.0,142144466.934,41322754.37672265
2011-09-30,244.0,154747480.0,189515574.75,143707964.4,108823642.359,265800983.91,191572928.18333352,9.0,30.0,273.0,173895338.1642857,-19121639.94803364
2011-10-01,244.0,154747480.0,189515574.75,143707964.4,108823642.359,265800983.91,191572928.18333352,9.0,30.0,273.0,180541864.5342857,-19499476.41682916
2011-10-02,245.0,31361563.5,154747479.9,230455729.9,90475475.588,205789946.22,125208206.01666683,10.0,2.0,275.0,197776181.6771428,-102328714.03045563
2011-10-03,246.0,312731574.3,31361563.4,189515574.75,143707964.4,108823642.359,166280205.8333335,10.0,3.0,276.0,215149275.4442857,63172543.52746468
2011-10-04,247.0,190233649.09,312731574.2,154747479.9,230455729.9,90475475.588,178108928.8633335,10.0,4.0,277.0,251421149.10999995,17033734.271047108
2011-10-05,248.0,351095950.0,190233648.99,31361563.4,189515574.75,143707964.4,284687057.6966668,10.0,5.0,278.0,287693022.7757143,19420798.220084004
2011-10-06,249.0,311127231.22,351095949.9,312731574.2,154747479.9,230455729.9,284152276.67000014,10.0,6.0,279.0,286765722.36142856,41322754.37672265
2011-10-07,250.0,408650595.66,311127231.12,190233648.99,31361563.4,189515574.75,356957925.5266668,10.0,7.0,280.0,294832922.2257143,-19121639.94803364
2011-10-08,250.0,408650595.66,311127231.12,190233648.99,31361563.4,189515574.75,356957925.5266668,10.0,7.0,280.0,291041921.8214286,-19499476.41682916
2011-10-09,251.0,24870460.6,408650595.56,351095949.9,312731574.2,154747479.9,248216095.72666684,10.0,9.0,282.0,257713282.08571434,-102328714.03045563
2011-10-10,252.0,369201973.35,24870460.5,311127231.12,190233648.99,31361563.4,267574343.10333347,10.0,10.0,283.0,235765073.36714286,63172543.52746468
2011-10-11,253.0,163696646.26,369201973.25,408650595.56,351095949.9,312731574.2,185923026.6366668,10.0,11.0,284.0,195476012.60857144,17033734.271047108
2011-10-12,254.0,117795471.85,163696646.16,24870460.5,311127231.12,190233648.99,216898030.3866668,10.0,12.0,285.0,155186951.85,19420798.220084004
2011-10-13,255.0,157489770.19,117795471.75,369201973.25,408650595.56,351095949.9,146327296.00000015,10.0,13.0,286.0,156747953.44142857,41322754.37672265
2011-10-14,256.0,126627170.35,157489770.09,163696646.16,24870460.5,311127231.12,133970804.03000017,10.0,14.0,287.0,159338129.72571427,-19121639.94803364
2011-10-15,256.0,126627170.35,157489770.09,163696646.16,24870460.5,311127231.12,133970804.03000017,10.0,14.0,287.0,174099172.0457143,-19499476.41682916
2011-10-16,257.0,35797471.74,126627170.25,117795471.75,369201973.25,408650595.56,106638137.32666683,10.0,16.0,289.0,213233858.54285714,-102328714.03045563
2011-10-17,258.0,387333207.34000003,35797471.64,157489770.09,163696646.16,24870460.5,183252616.3766668,10.0,17.0,290.0,232241970.49857146,63172543.52746468
2011-10-18,259.0,267023942.5,387333207.24,126627170.25,117795471.75,369201973.25,230051540.42666683,10.0,18.0,291.0,228819010.78285715,17033734.271047108
2011-10-19,260.0,391738277.33000004,267023942.4,35797471.64,157489770.09,163696646.16,348698475.6233335,10.0,19.0,292.0,225396051.0671429,19420798.220084004
2011-10-20,261.0,290546553.88000005,391738277.23,387333207.24,126627170.25,117795471.75,316436257.8033335,10.0,20.0,293.0,225081490.3928572,41322754.37672265
2011-10-21,262.0,102666452.33999999,290546553.78000003,267023942.4,35797471.64,157489770.09,261650427.75000015,10.0,21.0,294.0,222012903.63000003,-19121639.94803364
2011-10-22,262.0,102666452.33999999,290546553.78000003,267023942.4,35797471.64,157489770.09,261650427.75000015,10.0,21.0,294.0,209803959.4842857,-19499476.41682916
2011-10-23,263.0,33595547.019999996,102666452.24,391738277.23,387333207.24,126627170.25,142269517.64666682,10.0,23.0,296.0,175700446.47285712,-102328714.03045563
2011-10-24,264.0,365853100.0,33595546.919999994,290546553.78000003,267023942.4,35797471.64,167371699.68666682,10.0,24.0,297.0,229585893.58571428,63172543.52746468
2011-10-25,265.0,181561333.48,365853099.9,102666452.24,391738277.23,387333207.24,193669993.40000013,10.0,25.0,298.0,234831910.47285715,17033734.271047108
2011-10-26,266.0,153013686.25,181561333.38,33595546.919999994,290546553.78000003,267023942.4,233476039.81000015,10.0,26.0,299.0,240077927.35999995,19420798.220084004
2011-10-27,267.0,667744683.6700001,153013686.15,365853099.9,102666452.24,391738277.23,334106567.70000017,10.0,27.0,300.0,256909526.5542857,41322754.37672265
2011-10-28,268.0,139388570.54999998,667744683.57,181561333.38,33595546.919999994,290546553.78000003,320048980.05666685,10.0,28.0,301.0,223914303.68571424,-19121639.94803364
2011-10-29,268.0,139388570.54999998,667744683.57,181561333.38,33595546.919999994,290546553.78000003,320048980.05666685,10.0,28.0,301.0,210421246.12285712,-19499476.41682916
2011-10-30,269.0,151416741.38,139388570.45,153013686.15,365853099.9,102666452.24,319516665.1000002,10.0,30.0,303.0,226260562.7242857,-102328714.03045563
2011-10-31,270.0,134886539.92,151416741.28,667744683.57,181561333.38,33595546.919999994,141897283.85000014,10.0,31.0,304.0,168958664.59714285,63172543.52746468
2011-11-01,271.0,87109930.53999999,134886539.82,139388570.45,153013686.15,365853099.9,124471070.51333348,11.0,1.0,305.0,190954023.09571427,17033734.271047108
2011-11-02,272.0,263888902.46,87109930.44,151416741.28,667744683.57,181561333.38,161961790.87333348,11.0,2.0,306.0,212949381.59428567,19420798.220084004
2011-11-03,273.0,266631396.78,263888902.36,134886539.82,139388570.45,153013686.15,205876743.16000018,11.0,3.0,307.0,222796219.92571425,41322754.37672265
2011-11-04,274.0,293356080.04,266631396.68,87109930.44,151416741.28,667744683.57,274625459.66000015,11.0,4.0,308.0,293182707.3442857,-19121639.94803364
2011-11-05,274.0,293356080.04,266631396.68,87109930.44,151416741.28,667744683.57,274625459.66000015,11.0,4.0,308.0,343391508.80714285,-19499476.41682916
2011-11-06,275.0,220344609.7,293356079.94,263888902.36,134886539.82,139388570.45,260110695.40666685,11.0,6.0,310.0,351151905.0528571,-102328714.03045563
2011-11-07,276.0,627591951.85,220344609.6,266631396.68,87109930.44,151416741.28,380430880.4300001,11.0,7.0,311.0,385796934.8842857,63172543.52746468
2011-11-08,277.0,438571540.78000003,627591951.75,293356079.94,263888902.36,134886539.82,428836034.01000017,11.0,8.0,312.0,401389664.9142857,17033734.271047108
2011-11-09,278.0,318211676.18,438571540.68,220344609.6,266631396.68,87109930.44,461458389.5033335,11.0,9.0,313.0,416982394.94428575,19420798.220084004
2011-11-10,279.0,509146605.6,318211676.08,627591951.75,293356079.94,263888902.36,421976607.42000014,11.0,10.0,314.0,412088889.81285715,41322754.37672265
2011-11-11,280.0,402505190.25,509146605.5,438571540.68,220344609.6,266631396.68,409954490.57666683,11.0,11.0,315.0,422640193.25714284,-19121639.94803364
2011-11-12,280.0,402505190.25,509146605.5,438571540.68,220344609.6,266631396.68,409954490.57666683,11.0,11.0,315.0,417155102.3957143,-19499476.41682916
2011-11-13,281.0,186090073.78,402505190.15,318211676.08,627591951.75,293356079.94,365913956.44333345,11.0,13.0,317.0,442076734.4185714,-102328714.03045563
2011-11-14,282.0,701451075.96,186090073.68,509146605.5,438571540.68,220344609.6,430015446.5633335,11.0,14.0,318.0,421584240.7114285,63172543.52746468
2011-11-15,283.0,400175904.75,701451075.86,402505190.15,318211676.08,627591951.75,429239018.0633335,11.0,15.0,319.0,404666748.94,17033734.271047108
2011-11-16,284.0,492663100.34000003,400175904.65,186090073.68,509146605.5,438571540.68,531430026.9166668,11.0,16.0,320.0,387749257.1685714,19420798.220084004
2011-11-17,285.0,365699149.65000004,492663100.24,701451075.86,402505190.15,318211676.08,419512718.1466668,11.0,17.0,321.0,390093530.87857145,41322754.37672265
2011-11-18,286.0,284082747.85,365699149.55,400175904.65,186090073.68,509146605.5,380814999.18000025,11.0,18.0,322.0,322191811.9785714,-19121639.94803364
2011-11-19,286.0,284082747.85,365699149.55,400175904.65,186090073.68,509146605.5,380814999.18000025,11.0,18.0,322.0,330887611.50285715,-19499476.41682916
2011-11-20,287.0,202499989.75,284082747.75,492663100.24,701451075.86,402505190.15,284093962.3166669,11.0,20.0,324.0,348869104.9685714,-102328714.03045563
2011-11-21,288.0,226139043.66,202499989.65,365699149.55,400175904.65,186090073.68,237573926.9866669,11.0,21.0,325.0,342581725.9457143,63172543.52746468
2011-11-22,289.0,461046501.42,226139043.56,284082747.75,492663100.24,701451075.86,296561844.84333354,11.0,22.0,326.0,366198406.24714285,17033734.271047108
2011-11-23,290.0,618533554.6,461046501.32,202499989.65,365699149.55,400175904.65,435239699.79333353,11.0,23.0,327.0,389815086.5485714,19420798.220084004
2011-11-24,291.0,321687496.49,618533554.5,226139043.56,284082747.75,492663100.24,467089184.0700002,11.0,24.0,328.0,371246667.0157142,41322754.37672265
2011-11-25,292.0,449399509.96000004,321687496.39,461046501.32,202499989.65,365699149.55,463206853.5833335,11.0,25.0,329.0,395725622.93142855,-19121639.94803364
2011-11-26,292.0,449399509.96000004,321687496.39,461046501.32,202499989.65,365699149.55,463206853.5833335,11.0,25.0,329.0,411795466.2085714,-19499476.41682916
2011-11-27,293.0,72521053.02,449399509.86,618533554.5,226139043.56,284082747.75,281202686.39000016,11.0,27.0,331.0,383044625.3457143,-102328714.03045563
2011-11-28,294.0,397491735.07000005,72521052.92,321687496.39,461046501.32,202499989.65,306470765.9166669,11.0,28.0,332.0,376668212.5385715,63172543.52746468
2011-11-29,295.0,573535404.36,397491734.97,449399509.86,618533554.5,226139043.56,347849397.38333356,11.0,29.0,333.0,352326594.28428566,17033734.271047108
2011-11-30,296.0,417277668.56,573535404.26,72521052.92,321687496.39,461046501.32,462768269.23000026,11.0,30.0,334.0,327984976.03,19420798.220084004
2011-12-01,297.0,277052606.84,417277668.46,397491734.97,449399509.86,618533554.5,422621893.1533335,12.0,1.0,335.0,327522163.89285713,41322754.37672265
2011-12-02,298.0,279008182.18,277052606.73999995,573535404.26,72521052.92,321687496.39,324446152.4266669,12.0,2.0,336.0,631226037.9057143,-19121639.94803364
2011-12-03,298.0,279008182.18,277052606.73999995,573535404.26,72521052.92,321687496.39,324446152.4266669,12.0,2.0,336.0,592270128.8171428,-19499476.41682916
2011-12-04,299.0,69281368.06,279008182.08,417277668.46,397491734.97,449399509.86,208447385.5933335,12.0,4.0,338.0,583867106.7914286,-102328714.03045563
2011-12-05,300.0,2523418853.16,69281367.96000001,277052606.73999995,573535404.26,72521052.92,957236134.3666668,12.0,5.0,339.0,651646323.8285714,63172543.52746468
2011-12-06,301.0,300844040.74,2523418853.06,279008182.08,417277668.46,397491734.97,964514753.8866669,12.0,6.0,340.0,628855682.0342857,17033734.271047108
2011-12-07,302.0,358456514.38000005,300844040.64,69281367.96000001,277052606.73999995,573535404.26,1060906469.326667,12.0,7.0,341.0,628855682.0342857,19420798.220084004
2011-12-08,303.0,751507126.1,358456514.28000003,2523418853.06,279008182.08,417277668.46,470269226.97333366,12.0,8.0,342.0,628855682.0342857,41322754.37672265
2011-12-09,304.0,119473689.61999999,751507126.0,300844040.64,69281367.96000001,277052606.73999995,409812443.26666707,12.0,9.0,343.0,628855682.0342857,-19121639.94803364
